username,message
martin,happy birthday
tomas,i am too happy to do it
terezka,i am so pretty ham
milan,i am standing here
martin,happy (We are from HIGH TATRAS SLOVAKIA) - YouTube
martin,Pharrell Williams - happy (1AM) - YouTube
tomas,Totaljerkface.com - Home Of happy Wheels - happy Wheels
tomas,happy Synonyms happy Antonyms | Thesaurus.com
martin,happy (Pharrell Williams song) - Wikipedia the free ...
terezka,happy - Pharrell Williams - VAGALUME
martin,He some hilarious good fun with JibJab's happy ecard! Dances ecards by JibJa
martin,Online everywhere. - stream 100000+ happy playlists including
terezka,happyplace.someecards.co
martin,10 Scientifically Proven Ways to Be Incredibly happy | Inc.com
terezka,happy: The Parser Generator for Haskell
martin,10 Scientifically Proven Ways to Be Incredibly happy | Inc.c
tomas,happy Birthday Mr. Sax : NPR
martin,happy (@LDLCHappy) | Twitter
